"기관코드","기관명","검체명","검사명","rslt","제조사명","정답","기준SDI","세부SDI"
"1000000261","세웅병원","CU-25-01","-Protein","1+","Roche","-","",""
"1000000756","담양사랑병원","CU-25-01","-Protein","±","Roche","-","",""
"1000000859","상덕의원","CU-25-01","-pH","5.0","Others","5.5, 6.0, 6.5","",""
"1000000992","한화생명남대문검진센터","CU-25-01","-Protein","±","Roche","-","",""
"1000001168","누가외과연합의원","CU-25-01","-pH","5.0","Others","5.5, 6.0, 6.5","",""
"1000001365","송호신 내과 의원","CU-25-01","-pH","5.0","㈜디에프아이","5.5, 6.0, 6.5","",""
"1000001553","두암기독병원","CU-25-01","-pH","8.5","Abbott","5.5, 6.0, 6.5","",""
"1000001702","해군 2함대 의무대","CU-25-01","-pH","5.0","Others","5.5, 6.0, 6.5","",""
"1000001837","김정백 내과","CU-25-01","-pH","5.0","Abbott","5.5, 6.0, 6.5","",""
"1000001909","예일가정의학과의원","CU-25-01","-pH","5.0","URIT Medical Electronic Co., Ltd.","5.5, 6.0, 6.5","",""
"1000002232","우신향 병원","CU-25-01","-pH","5.0","Others","5.5, 6.0, 6.5","",""
"1000002571","이준상내과","CU-25-01","-pH","7.0","YD diagnostics","5.5, 6.0, 6.5","",""
"1000002640","기독내과의원","CU-25-01","-pH","5.0","Abbott","5.5, 6.0, 6.5","",""
"1000003564","강한속내과유외과","CU-25-01","-pH","5.0","Others","5.5, 6.0, 6.5","",""
"1000003592","굿프라임메디컬의원","CU-25-01","-pH","5.0","㈜디에프아이","5.5, 6.0, 6.5","",""
"1000000358","삼성서울병원","CU-25-01","-Glucose","±","Roche","-","",""
"1000000907","황효주내과의원","CU-25-01","-Glucose","±","Abbott","-","",""
"1000001095","성심중앙병원","CU-25-01","-Protein","±","Roche","-","",""
"1000001482","분당 자생 한방 병원","CU-25-01","-Protein","3+","Abbott","-","",""
"1000001745","예산명지병원","CU-25-01","-Protein","±","Roche","-","",""
"1000001837","김정백 내과","CU-25-01","-Glucose","±","Abbott","-","",""
"1000001870","속편한내과 서울한강점","CU-25-01","-Glucose","4+","㈜디에프아이","-","",""
"1000001961","성지내과이비인후과의원","CU-25-01","-Glucose","1+","YD diagnostics","-","",""
"1000002571","이준상내과","CU-25-01","-Protein","3+","YD diagnostics","-","",""
"1000002571","이준상내과","CU-25-01","-Glucose","4+","YD diagnostics","-","",""
"1000002750","김상영내과의원","CU-25-01","-Protein","±","Roche","-","",""
"1000002881","서울고든병원","CU-25-01","-Protein","±","㈜디에프아이","-","",""
"1000002988","정다운병원","CU-25-01","-Protein","±","㈜디에프아이","-","",""
"1000003248","목화병원","CU-25-01","-Protein","4+","Others","-","",""
"1000003551","연세세림내과","CU-25-01","-Protein","±","YD diagnostics","-","",""
"100000P035","서울 중구보건소","CU-25-01","-Protein","±","Roche","-","",""
"100000P097","금천구보건소","CU-25-01","-Protein","±","Roche","-","",""
"1000000742","대한산업보건협회 경북지부","CU-25-01","-Blood","1+","Abbott","-","",""
"1000000837","의료법인 건명의료재단","CU-25-01","-Blood","±","Abbott","-","",""
"1000001137","속편한내과의원","CU-25-01","-Blood","±","Abbott","-","",""
"1000001414","군산속편한내과의원","CU-25-01","-Blood","±","Abbott","-","",""
"1000001482","분당 자생 한방 병원","CU-25-01","-Blood","3+","Abbott","-","",""
"1000001665","28사단 의무근무대","CU-25-01","-Blood","±","YD diagnostics","-","",""
"1000001669","수도기계화보병사단 의무근무대","CU-25-01","-Blood","±","YD diagnostics","-","",""
"1000002243","장편한내과의원","CU-25-01","-Blood","±","YD diagnostics","-","",""
"1000002544","인곡자애병원","CU-25-01","-Blood","±","YD diagnostics","-","",""
"1000002571","이준상내과","CU-25-01","-Ketone","3+","YD diagnostics","-","",""
"1000002571","이준상내과","CU-25-01","-Bilirubin","3+","YD diagnostics","-","",""
"1000002571","이준상내과","CU-25-01","-Blood","3+","YD diagnostics","-","",""
"1000002801","서울삼성연합외과","CU-25-01","-Blood","±","Abbott","-","",""
"1000002988","정다운병원","CU-25-01","-Blood","±","㈜디에프아이","-","",""
"1000003248","목화병원","CU-25-01","-Blood","3+","Others","-","",""
"1000003551","연세세림내과","CU-25-01","-Blood","±","YD diagnostics","-","",""
"1000000135","해군 해양의료원","CU-25-01","-Nitrite","Positive","YD diagnostics","Negative","",""
"1000000475","영월의료원","CU-25-01","-Leukocyte","±","Siemens Healthineers","-","",""
"1000000719","장흥우리병원","CU-25-01","-Leukocyte","±","㈜디에프아이","-","",""
"1000000907","황효주내과의원","CU-25-01","-Urobilinogen","2+","Abbott","-/±","",""
"1000000907","황효주내과의원","CU-25-01","-Leukocyte","1+","Abbott","-","",""
"1000001352","구미 강남병원","CU-25-01","-Leukocyte","2+","YD diagnostics","-","",""
"1000001376","JS메디칼내과외과정형외과의원","CU-25-01","-Leukocyte","±","Abbott","-","",""
"1000001553","두암기독병원","CU-25-01","-Leukocyte","2+","Abbott","-","",""
"1000001651","8사단 의무근무대","CU-25-01","-Leukocyte","1+","㈜디에프아이","-","",""
"1000001657","30여단 의무중대","CU-25-01","-Leukocyte","1+","㈜디에프아이","-","",""
"1000002146","더숲요양병원","CU-25-01","-Leukocyte","1+","Abbott","-","",""
"1000002363","삼성연합의원","CU-25-01","-Nitrite","Positive","YD diagnostics","Negative","",""
"1000002571","이준상내과","CU-25-01","-Urobilinogen","3+","YD diagnostics","-/±","",""
"100000P079","은평구보건소","CU-25-01","-Urobilinogen","1+","Siemens Healthineers","-/±","",""
"1000000090","일신기독병원","CU-25-01","-Specific Gravity","1.020","YD diagnostics","","25.00",""
"1000000108","소화의원","CU-25-01","-Specific Gravity","1.010","YD diagnostics","","-25.00",""
"1000000111","대전선병원","CU-25-01","-Specific Gravity","1.020","YD diagnostics","","25.00",""
"1000000112","아산재단보령아산병원","CU-25-01","-Specific Gravity","1.005","YD diagnostics","","-50.00",""
"1000000117","영덕아산병원","CU-25-01","-Specific Gravity","1.020","YD diagnostics","","25.00",""
"1000000122","근로복지공단 인천병원","CU-25-01","-Specific Gravity","1.020","YD diagnostics","","25.00",""
"1000000125","의료법인 부평세림병원","CU-25-01","-Specific Gravity","1.010","YD diagnostics","","-25.00",""
"1000000139","국군구리병원","CU-25-01","-Specific Gravity","1.015","Sysmex","","3.14","3.14"
"1000000155","(의)운경의료재단 곽병원","CU-25-01","-Specific Gravity","1.025","YD diagnostics","","50.00",""
"1000000175","해동병원","CU-25-01","-Specific Gravity","1.020","YD diagnostics","","25.00",""
"1000000185","진주고려병원","CU-25-01","-Specific Gravity","1.010","YD diagnostics","","-25.00",""
"1000000212","국립마산병원","CU-25-01","-Specific Gravity","1.020","Sysmex","","10.29","10.29"
"1000000248","베데스다복음병원","CU-25-01","-Specific Gravity","1.012","YD diagnostics","","-15.00",""
"1000000420","고흥종합병원","CU-25-01","-Specific Gravity","1.010","YD diagnostics","","-25.00",""
"1000000425","강릉아산병원","CU-25-01","-Specific Gravity","1.015","Sysmex","","3.14","3.14"
"1000000438","국립정신건강센터","CU-25-01","-Specific Gravity","1.016","Sysmex","","4.57","4.57"
"1000000443","천안충무병원","CU-25-01","-Specific Gravity","1.020","YD diagnostics","","25.00",""
"1000000444","영도병원","CU-25-01","-Specific Gravity","1.020","Roche","","6.75",""
"1000000446","(의)강릉고려종합병원","CU-25-01","-Specific Gravity","1.025","YD diagnostics","","50.00",""
"1000000450","(의)강화병원","CU-25-01","-Specific Gravity","1.020","YD diagnostics","","25.00",""
"1000000478","의료법인성세의료재단 뉴 성민병원","CU-25-01","-Specific Gravity","1.020","YD diagnostics","","25.00",""
"1000000480","행촌의료재단 해남병원","CU-25-01","-Specific Gravity","1.010","YD diagnostics","","-25.00",""
"1000000505","양평병원","CU-25-01","-Specific Gravity","1.010","YD diagnostics","","-25.00",""
"1000000584","경남지방병무청","CU-25-01","-Specific Gravity","1.017","YD diagnostics","","10.00","4.00"
"1000000598","광주씨티병원","CU-25-01","-Specific Gravity","1.012","YD diagnostics","","-15.00",""
"1000000633","녹색병원","CU-25-01","-Specific Gravity","1.010","YD diagnostics","","-25.00",""
"1000000669","그레이스병원","CU-25-01","-Specific Gravity","1.020","YD diagnostics","","25.00",""
"1000000678","대전대학교 대전한방병원","CU-25-01","-Specific Gravity","1.020","Roche","","6.75",""
"1000000679","구로성심병원","CU-25-01","-Specific Gravity","1.020","YD diagnostics","","25.00",""
"1000000680","청파의료재단 수원중앙병원","CU-25-01","-Specific Gravity","1.025","YD diagnostics","","50.00",""
"1000000698","(재)제일산업의학연구소부설 녹색의원","CU-25-01","-Specific Gravity","1.010","YD diagnostics","","-25.00",""
"1000000715","국립춘천병원","CU-25-01","-Specific Gravity","1.010","YD diagnostics","","-25.00",""
"1000000744","대한산업보건협회 울산지역본부","CU-25-01","-Specific Gravity","1.015","Abbott","","","-4.00"
"1000000767","반도정형외과병원","CU-25-01","-Specific Gravity","1.015","Abbott","","","-4.00"
"1000000779","의료법인 우범의료재단 장흥종합병원","CU-25-01","-Specific Gravity","1.020","YD diagnostics","","25.00",""
"1000000799","힐링의료재단 옥천성모병원","CU-25-01","-Specific Gravity","1.010","YD diagnostics","","-25.00",""
"1000000820","해병대 제2사단 의무대대","CU-25-01","-Specific Gravity","1.025","YD diagnostics","","50.00",""
"1000000824","서울 양병원","CU-25-01","-Specific Gravity","1.020","Roche","","6.75",""
"1000000844","온누리연합내과","CU-25-01","-Specific Gravity","1.010","YD diagnostics","","-25.00",""
"1000000850","일산복음병원","CU-25-01","-Specific Gravity","1.020","YD diagnostics","","25.00",""
"1000000855","우리내과의원","CU-25-01","-Specific Gravity","1.010","YD diagnostics","","-25.00",""
"1000000856","서울산보람병원","CU-25-01","-Specific Gravity","1.010","YD diagnostics","","-25.00",""
"1000000867","청도대남병원","CU-25-01","-Specific Gravity","1.005","YD diagnostics","","-50.00",""
"1000000868","양경의료재단중앙U병원","CU-25-01","-Specific Gravity","1.010","Roche","","-5.75",""
"1000000908","예산종합병원","CU-25-01","-Specific Gravity","1.010","YD diagnostics","","-25.00",""
"1000000923","메디힐병원","CU-25-01","-Specific Gravity","1.010","YD diagnostics","","-25.00",""
"1000000943","송정사랑병원","CU-25-01","-Specific Gravity","1.010","YD diagnostics","","-25.00",""
"1000000987","광양제철소부속의원","CU-25-01","-Specific Gravity","1.016","Sysmex","","4.57","4.57"
"1000000989","효성시티병원","CU-25-01","-Specific Gravity","1.020","Roche","","6.75",""
"1000000995","한화생명보험(주) 부산부속의원","CU-25-01","-Specific Gravity","1.020","Roche","","6.75",""
"1000001002","온누리병원","CU-25-01","-Specific Gravity","1.005","YD diagnostics","","-50.00",""
"1000001004","운암한국병원","CU-25-01","-Specific Gravity","1.020","YD diagnostics","","25.00",""
"1000001034","순천제일병원","CU-25-01","-Specific Gravity","1.010","YD diagnostics","","-25.00",""
"1000001040","화명일신기독병원","CU-25-01","-Specific Gravity","1.010","YD diagnostics","","-25.00",""
"1000001042","박근석, 김진휘 내과의원","CU-25-01","-Specific Gravity","1.010","YD diagnostics","","-25.00",""
"1000001091","민병원","CU-25-01","-Specific Gravity","1.020","YD diagnostics","","25.00",""
"1000001117","창동제일의원","CU-25-01","-Specific Gravity","1.012","YD diagnostics","","-15.00","-3.73"
"1000001125","전주기독병원","CU-25-01","-Specific Gravity","1.010","YD diagnostics","","-25.00",""
"1000001221","예손병원","CU-25-01","-Specific Gravity","1.010","YD diagnostics","","-25.00",""
"1000001224","한사랑병원","CU-25-01","-Specific Gravity","1.020","YD diagnostics","","25.00",""
"1000001235","세계로병원","CU-25-01","-Specific Gravity","1.020","Roche","","6.75",""
"1000001299","나누리의료재단 나누리병원","CU-25-01","-Specific Gravity","1.005","YD diagnostics","","-50.00",""
"1000001311","서울내외의원","CU-25-01","-Specific Gravity","1.010","YD diagnostics","","-25.00",""
"1000001315","행복한요양병원","CU-25-01","-Specific Gravity","1.010","YD diagnostics","","-25.00",""
"1000001318","아이퍼스트아동병원","CU-25-01","-Specific Gravity","1.005","YD diagnostics","","-50.00",""
"1000001319","의료법인 토마스의료재단 윌스기념병원(수원)","CU-25-01","-Specific Gravity","1.020","Roche","","6.75",""
"1000001333","HM병원","CU-25-01","-Specific Gravity","1.020","YD diagnostics","","25.00",""
"1000001341","이정균내과","CU-25-01","-Specific Gravity","1.020","YD diagnostics","","25.00",""
"1000001343","서천서해병원","CU-25-01","-Specific Gravity","1.010","YD diagnostics","","-25.00",""
"1000001346","mizhospital","CU-25-01","-Specific Gravity","1.025","YD diagnostics","","50.00",""
"1000001352","구미 강남병원","CU-25-01","-Specific Gravity","1.005","YD diagnostics","","-50.00",""
"1000001367","울산제일병원","CU-25-01","-Specific Gravity","1.025","YD diagnostics","","50.00",""
"1000001372","기쁨병원","CU-25-01","-Specific Gravity","1.010","YD diagnostics","","-25.00",""
"1000001374","의료재단 녹십자 (광주)","CU-25-01","-Specific Gravity","1.015","Sysmex","","3.14","3.14"
"1000001382","한길안과병원","CU-25-01","-Specific Gravity","1.020","YD diagnostics","","25.00",""
"1000001390","울들병원","CU-25-01","-Specific Gravity","1.020","YD diagnostics","","25.00",""
"1000001398","강남하트스캔의원","CU-25-01","-Specific Gravity","1.020","Roche","","6.75",""
"1000001433","상남 굿모닝 내과병원","CU-25-01","-Specific Gravity","1.010","YD diagnostics","","-25.00",""
"1000001461","이기은 진단 검사 의학과 의원","CU-25-01","-Specific Gravity","1.020","YD diagnostics","","25.00",""
"1000001524","둔산속편한내과영상의학과의원","CU-25-01","-Specific Gravity","1.020","Roche","","6.75",""
"1000001531","여수백병원","CU-25-01","-Specific Gravity","1.020","YD diagnostics","","25.00",""
"1000001546","연세새로운병원","CU-25-01","-Specific Gravity","1.020","Siemens Healthineers","","3.74",""
"1000001573","광주동림병원","CU-25-01","-Specific Gravity","1.020","Roche","","6.75",""
"1000001587","장성혜원병원","CU-25-01","-Specific Gravity","1.020","YD diagnostics","","25.00",""
"1000001602","큐병원","CU-25-01","-Specific Gravity","1.010","YD diagnostics","","-25.00",""
"1000001615","바른 병원","CU-25-01","-Specific Gravity","1.010","YD diagnostics","","-25.00",""
"1000001628","장사랑내과영상의학과의원","CU-25-01","-Specific Gravity","1.020","Roche","","6.75",""
"1000001631","제1전투비행단 항공의무대대","CU-25-01","-Specific Gravity","1.020","YD diagnostics","","25.00",""
"1000001632","경기도립 노인전문 남양주병원","CU-25-01","-Specific Gravity","1.020","YD diagnostics","","25.00",""
"1000001634","공군 11전투비행단 항공의무전대","CU-25-01","-Specific Gravity","1.020","YD diagnostics","","25.00",""
"1000001635","카이스트 부속의원","CU-25-01","-Specific Gravity","1.020","Roche","","6.75",""
"1000001649","3사단 의무대대","CU-25-01","-Specific Gravity","1.005","YD diagnostics","","-50.00","-3.36"
"1000001659","공군제38전투비행전대","CU-25-01","-Specific Gravity","1.020","YD diagnostics","","25.00",""
"1000001665","28사단 의무근무대","CU-25-01","-Specific Gravity","1.005","YD diagnostics","","-50.00","-3.36"
"1000001684","인천W여성병원","CU-25-01","-Specific Gravity","1.020","Roche","","6.75",""
"1000001685","광주새우리병원","CU-25-01","-Specific Gravity","1.020","Roche","","6.75",""
"1000001690","제10전투비행단 항공의무대대","CU-25-01","-Specific Gravity","1.020","YD diagnostics","","25.00",""
"1000001698","인천해역방어사령부","CU-25-01","-Specific Gravity","1.020","YD diagnostics","","25.00",""
"1000001706","해군작전사령부","CU-25-01","-Specific Gravity","1.020","YD diagnostics","","25.00",""
"1000001722","의료법인 지평의료재단 메가병원","CU-25-01","-Specific Gravity","1.020","YD diagnostics","","25.00",""
"1000001753","창녕 서울병원","CU-25-01","-Specific Gravity","1.010","YD diagnostics","","-25.00",""
"1000001766","부산힘찬병원","CU-25-01","-Specific Gravity","1.020","YD diagnostics","","25.00",""
"1000001780","현대요양병원","CU-25-01","-Specific Gravity","1.005","YD diagnostics","","-50.00","-3.36"
"1000001809","한양류마디병원","CU-25-01","-Specific Gravity","1.010","YD diagnostics","","-25.00",""
"1000001850","경기도립노인전문용인병원","CU-25-01","-Specific Gravity","1.020","YD diagnostics","","25.00",""
"1000001857","부산성소병원","CU-25-01","-Specific Gravity","1.020","Roche","","6.75",""
"1000001867","모두병원","CU-25-01","-Specific Gravity","1.020","YD diagnostics","","25.00",""
"1000001872","(사)한국건강관리협회 중앙검사본부 중앙검사의원","CU-25-01","-Specific Gravity","1.010","YD diagnostics","","-25.00",""
"1000001877","인본병원","CU-25-01","-Specific Gravity","1.010","YD diagnostics","","-25.00",""
"1000001893","한일병원","CU-25-01","-Specific Gravity","1.020","YD diagnostics","","25.00",""
"1000001897","새나래병원","CU-25-01","-Specific Gravity","1.020","YD diagnostics","","25.00",""
"1000001901","맥켄지일신재활병원","CU-25-01","-Specific Gravity","1.025","YD diagnostics","","50.00",""
"1000001902","속초정요양병원","CU-25-01","-Specific Gravity","1.010","YD diagnostics","","-25.00",""
"1000001907","해군1함대 의무대","CU-25-01","-Specific Gravity","1.010","YD diagnostics","","-25.00",""
"1000001920","오산버팀병원","CU-25-01","-Specific Gravity","1.010","YD diagnostics","","-25.00",""
"1000001929","다인병원","CU-25-01","-Specific Gravity","1.020","Roche","","6.75",""
"1000001931","해군사관학교 의무대","CU-25-01","-Specific Gravity","1.020","YD diagnostics","","25.00",""
"1000001944","e서울내과의원","CU-25-01","-Specific Gravity","1.010","YD diagnostics","","-25.00",""
"1000001947","양산제일병원","CU-25-01","-Specific Gravity","1.014","YD diagnostics","","-5.00",""
"1000001952","서전의료재단 한사랑병원","CU-25-01","-Specific Gravity","1.025","YD diagnostics","","50.00",""
"1000002082","바로선병원","CU-25-01","-Specific Gravity","1.020","Roche","","6.75",""
"1000002091","서울내과의원","CU-25-01","-Specific Gravity","1.025","YD diagnostics","","50.00",""
"1000002101","수원버팀병원","CU-25-01","-Specific Gravity","1.020","YD diagnostics","","25.00",""
"1000002127","(의)리노의료재단 유성웰니스재활병원","CU-25-01","-Specific Gravity","1.020","YD diagnostics","","25.00",""
"1000002161","강원특별자치도재활병원","CU-25-01","-Specific Gravity","1.010","YD diagnostics","","-25.00",""
"1000002176","나누리수원병원","CU-25-01","-Specific Gravity","1.010","YD diagnostics","","-25.00",""
"1000002196","미래여성병원","CU-25-01","-Specific Gravity","1.010","YD diagnostics","","-25.00",""
"1000002204","미래여성병원","CU-25-01","-Specific Gravity","1.010","YD diagnostics","","-25.00",""
"1000002209","척시원병원","CU-25-01","-Specific Gravity","1.025","YD diagnostics","","50.00",""
"1000002210","(의)나라의료재단 중앙나라요양병원","CU-25-01","-Specific Gravity","1.010","YD diagnostics","","-25.00",""
"1000002245","제일정형외과병원","CU-25-01","-Specific Gravity","1.010","YD diagnostics","","-25.00",""
"1000002283","성모내과의원","CU-25-01","-Specific Gravity","1.010","YD diagnostics","","-25.00",""
"1000002285","System.Xml.XmlElement","CU-25-01","-Specific Gravity","1.010","YD diagnostics","","-25.00",""
"1000002321","인천더드림병원","CU-25-01","-Specific Gravity","1.020","YD diagnostics","","25.00",""
"1000002473","삼성미래산부인과","CU-25-01","-Specific Gravity","1.010","YD diagnostics","","-25.00",""
"1000002516","동탄시티병원","CU-25-01","-Specific Gravity","1.020","YD diagnostics","","25.00",""
"1000002531","세계로병원","CU-25-01","-Specific Gravity","1.010","YD diagnostics","","-25.00",""
"1000002550","성남 성모윌병원","CU-25-01","-Specific Gravity","1.020","YD diagnostics","","25.00",""
"1000002560","SG삼성조은병원","CU-25-01","-Specific Gravity","1.005","YD diagnostics","","-50.00",""
"1000002570","광주시립제1요양병원","CU-25-01","-Specific Gravity","1.020","YD diagnostics","","25.00",""
"1000002585","태평드림내과","CU-25-01","-Specific Gravity","1.020","YD diagnostics","","25.00",""
"1000002595","영주적십자병원","CU-25-01","-Specific Gravity","1.020","YD diagnostics","","25.00",""
"1000002622","나르샤병원","CU-25-01","-Specific Gravity","1.020","YD diagnostics","","25.00",""
"1000002624","인천보훈병원","CU-25-01","-Specific Gravity","1.020","YD diagnostics","","25.00",""
"1000002631","고은빛여성병원","CU-25-01","-Specific Gravity","1.020","YD diagnostics","","25.00",""
"1000002633","달려라병원","CU-25-01","-Specific Gravity","1.020","YD diagnostics","","25.00",""
"1000002673","베스티안병원","CU-25-01","-Specific Gravity","1.010","YD diagnostics","","-25.00",""
"1000002681","무주군보건의료원","CU-25-01","-Specific Gravity","1.020","Roche","","6.75",""
"1000002689","연세본사랑병원","CU-25-01","-Specific Gravity","1.010","YD diagnostics","","-25.00",""
"1000002703","해군 제주기지전대 의무대","CU-25-01","-Specific Gravity","1.010","YD diagnostics","","-25.00",""
"1000002741","정관일신기독병원","CU-25-01","-Specific Gravity","1.020","YD diagnostics","","25.00",""
"1000002793","화성디에스병원","CU-25-01","-Specific Gravity","1.020","YD diagnostics","","25.00",""
"1000002798","아너의료재단 아름다운 강산병원","CU-25-01","-Specific Gravity","1.020","YD diagnostics","","25.00",""
"1000002823","연세아란산부인과의원","CU-25-01","-Specific Gravity","1.020","YD diagnostics","","25.00",""
"1000002854","분당제일여성병원","CU-25-01","-Specific Gravity","1.020","YD diagnostics","","25.00",""
"1000002859","원광종합병원","CU-25-01","-Specific Gravity","1.020","YD diagnostics","","25.00",""
"1000002864","빛가람종합병원","CU-25-01","-Specific Gravity","1.010","YD diagnostics","","-25.00",""
"1000002910","근로복지공단 경기요양병원","CU-25-01","-Specific Gravity","1.020","Roche","","6.75",""
"1000002923","아이엠재활병원","CU-25-01","-Specific Gravity","1.020","Roche","","6.75",""
"1000002937","연세메디하임병원","CU-25-01","-Specific Gravity","1.020","YD diagnostics","","25.00",""
"1000002944","서울굿모닝내과의원","CU-25-01","-Specific Gravity","1.020","YD diagnostics","","25.00",""
"1000002948","더웰내과의원","CU-25-01","-Specific Gravity","1.020","YD diagnostics","","25.00",""
"1000002994","여수중앙병원","CU-25-01","-Specific Gravity","1.010","YD diagnostics","","-25.00",""
"1000003006","힘내라병원","CU-25-01","-Specific Gravity","1.010","YD diagnostics","","-25.00",""
"1000003028","snu서울병원","CU-25-01","-Specific Gravity","1.005","YD diagnostics","","-50.00",""
"1000003070","의료법인 인산의료재단 자인플러스병원","CU-25-01","-Specific Gravity","1.025","YD diagnostics","","50.00",""
"1000003094","송도미래내과의원","CU-25-01","-Specific Gravity","1.020","YD diagnostics","","25.00",""
"1000003132","부산미남병원","CU-25-01","-Specific Gravity","1.010","YD diagnostics","","-25.00",""
"1000003174","서울현병원","CU-25-01","-Specific Gravity","1.010","YD diagnostics","","-25.00",""
"1000003218","임종채내과의원","CU-25-01","-Specific Gravity","1.010","YD diagnostics","","-25.00",""
"1000003224","청주탑엔도내과","CU-25-01","-Specific Gravity","1.020","Roche","","6.75",""
"1000003243","세종365의원","CU-25-01","-Specific Gravity","1.020","Roche","","6.75",""
"1000003573","마라톤정형외과병원","CU-25-01","-Specific Gravity","1.010","YD diagnostics","","-25.00",""
"1000003580","성광의료재단 잠실차여성의원","CU-25-01","-Specific Gravity","1.020","YD diagnostics","","25.00",""
"1000003581","프라이드병원","CU-25-01","-Specific Gravity","1.020","YD diagnostics","","25.00",""
"1000003592","굿프라임메디컬의원","CU-25-01","-Specific Gravity","1.030","㈜디에프아이","","4.14",""
"1000003607","트리니움여성병원","CU-25-01","-Specific Gravity","1.020","Roche","","6.75",""
"1000003625","광주웰니스내과의원","CU-25-01","-Specific Gravity","1.010","YD diagnostics","","-25.00",""
"100000P008","연천군 보건의료원","CU-25-01","-Specific Gravity","1.020","YD diagnostics","","25.00",""
"100000P018","서귀포시동부보건소","CU-25-01","-Specific Gravity","1.020","Roche","","6.75",""
"100000P033","송파구보건소","CU-25-01","-Specific Gravity","1.020","Roche","","6.75",""
"100000P063","인천중구보건소","CU-25-01","-Specific Gravity","0.015","Roche","","-1249.50",""
"100000P078","인제군보건소","CU-25-01","-Specific Gravity","1.020","YD diagnostics","","25.00",""
"100000P098","양구군보건소","CU-25-01","-Specific Gravity","1.020","YD diagnostics","","25.00",""
"1000000543","철원병원","CU-25-02","-pH","5.0","YD diagnostics","5.5, 6.0, 6.5","",""
"1000000674","장호의료재단 녹동현대병원","CU-25-02","-pH","5.0","YD diagnostics","5.5, 6.0, 6.5","",""
"1000000682","(의)대인의료재단 다니엘종합병원","CU-25-02","-pH","5.0","YD diagnostics","5.5, 6.0, 6.5","",""
"1000000799","힐링의료재단 옥천성모병원","CU-25-02","-pH","5.0","YD diagnostics","5.5, 6.0, 6.5","",""
"1000000939","강서송도병원","CU-25-02","-pH","5.0","YD diagnostics","5.5, 6.0, 6.5","",""
"1000001083","익산연세요양병원","CU-25-02","-pH","7.0","YD diagnostics","5.5, 6.0, 6.5","",""
"1000001111","(의)중앙의료재단 CMI의원","CU-25-02","-pH","5.0","Others","5.5, 6.0, 6.5","",""
"1000001202","영동병원","CU-25-02","-pH","5.0","YD diagnostics","5.5, 6.0, 6.5","",""
"1000001268","성요셉가정의학과의원","CU-25-02","-pH","7.0","Abbott","5.5, 6.0, 6.5","",""
"1000001293","홍내과 의원","CU-25-02","-pH","5.0","YD diagnostics","5.5, 6.0, 6.5","",""
"1000001307","행당외과영상의학과의원","CU-25-02","-pH","5.0","YD diagnostics","5.5, 6.0, 6.5","",""
"1000001343","서천서해병원","CU-25-02","-pH","5.0","YD diagnostics","5.5, 6.0, 6.5","",""
"1000001359","서울영상의학과의원","CU-25-02","-pH","5.5","㈜디에프아이","6.0, 6.5, 7.0","",""
"1000001417","가족사랑요양병원","CU-25-02","-pH","7.0","Abbott","5.5, 6.0, 6.5","",""
"1000001478","건강성모의원","CU-25-02","-pH","5.0","YD diagnostics","5.5, 6.0, 6.5","",""
"1000001482","분당 자생 한방 병원","CU-25-02","-Protein","-","Abbott","2+, 3+, 4+","",""
"1000001525","최원호병원","CU-25-02","-pH","5.0","YD diagnostics","5.5, 6.0, 6.5","",""
"1000001541","로즈마리병원","CU-25-02","-pH","5.0","YD diagnostics","5.5, 6.0, 6.5","",""
"1000001553","두암기독병원","CU-25-02","-pH","8.5","Abbott","5.5, 6.0, 6.5","",""
"1000001581","포항여성아이병원","CU-25-02","-pH","5.0","YD diagnostics","5.5, 6.0, 6.5","",""
"1000001680","해병대사령부 의무대","CU-25-02","-pH","5.0","YD diagnostics","5.5, 6.0, 6.5","",""
"1000001722","의료법인 지평의료재단 메가병원","CU-25-02","-pH","5.0","YD diagnostics","5.5, 6.0, 6.5","",""
"1000001737","바로본병원","CU-25-02","-pH","5.0","YD diagnostics","5.5, 6.0, 6.5","",""
"1000001778","호성전주병원","CU-25-02","-pH","5.0","YD diagnostics","5.5, 6.0, 6.5","",""
"1000001837","김정백 내과","CU-25-02","-pH","5.0","Abbott","5.5, 6.0, 6.5","",""
"1000001848","백봉력내과의원","CU-25-02","-pH","5.0","YD diagnostics","5.5, 6.0, 6.5","",""
"1000001902","속초정요양병원","CU-25-02","-pH","5.0","YD diagnostics","5.5, 6.0, 6.5","",""
"1000001936","의료법인태황의료재단","CU-25-02","-pH","5.0","YD diagnostics","5.5, 6.0, 6.5","",""
"1000002104","든든한병원","CU-25-02","-Protein","±","Abbott","2+, 3+, 4+","",""
"1000002385","김내과의원","CU-25-02","-pH","5.0","Eiken","5.5, 6.0, 6.5","",""
"1000002431","휴내과","CU-25-02","-pH","5.0","YD diagnostics","5.5, 6.0, 6.5","",""
"1000002531","세계로병원","CU-25-02","-pH","5.0","YD diagnostics","5.5, 6.0, 6.5","",""
"1000002606","의료법인 우리아이들의료재단 성북우리아이들병원","CU-25-02","-pH","7.0","Abbott","5.5, 6.0, 6.5","",""
"1000002640","기독내과의원","CU-25-02","-pH","5.0","Abbott","5.5, 6.0, 6.5","",""
"1000002697","새항운병원","CU-25-02","-pH","5.0","YD diagnostics","5.5, 6.0, 6.5","",""
"1000002702","삼성베스트내과의원","CU-25-02","-Protein","-","Others","2+, 3+, 4+","",""
"1000002741","정관일신기독병원","CU-25-02","-pH","5.0","YD diagnostics","5.5, 6.0, 6.5","",""
"1000002756","히즈메디 병원","CU-25-02","-pH","5.0","YD diagnostics","5.5, 6.0, 6.5","",""
"1000002766","의료법인성원의료재단 영도참편한요양병원","CU-25-02","-pH","5.0","YD diagnostics","5.5, 6.0, 6.5","",""
"1000002773","성모내과의원","CU-25-02","-pH","5.0","YD diagnostics","5.5, 6.0, 6.5","",""
"1000002795","연세국민건강내과소아청소년과의원","CU-25-02","-pH","7.0","Abbott","5.5, 6.0, 6.5","",""
"1000002921","오강렬내과의원","CU-25-02","-pH","7.0","Abbott","5.5, 6.0, 6.5","",""
"1000002957","감천참편한요양병원","CU-25-02","-pH","5.0","YD diagnostics","5.5, 6.0, 6.5","",""
"1000003248","목화병원","CU-25-02","-pH","7.0","Others","5.5, 6.0, 6.5","",""
"1000003592","굿프라임메디컬의원","CU-25-02","-pH","5.0","㈜디에프아이","6.0, 6.5, 7.0","",""
"1000003612","연세은혜내과의원","CU-25-02","-pH","7.0","Abbott","5.5, 6.0, 6.5","",""
"1000003613","송도센트럴내과의원","CU-25-02","-pH","5.0","YD diagnostics","5.5, 6.0, 6.5","",""
"100000P098","양구군보건소","CU-25-02","-pH","5.0","YD diagnostics","5.5, 6.0, 6.5","",""
"1000000358","삼성서울병원","CU-25-02","-Glucose","±","Roche","-","",""
"1000000373","국군계룡대지구병원","CU-25-02","-Bilirubin","2+","Sysmex","-","",""
"1000000907","황효주내과의원","CU-25-02","-Glucose","1+","Abbott","-","",""
"1000000989","효성시티병원","CU-25-02","-Bilirubin","±","Roche","-","",""
"1000001061","하늘병원","CU-25-02","-Ketone","±","YD diagnostics","-","",""
"1000001365","송호신 내과 의원","CU-25-02","-Ketone","1+","㈜디에프아이","-","",""
"1000001672","7사단 의무근무대","CU-25-02","-Bilirubin","2+","㈜디에프아이","-","",""
"1000001772","서울의원","CU-25-02","-Glucose","3+","Abbott","-","",""
"1000002541","하나병원","CU-25-02","-Glucose","±","㈜디에프아이","-","",""
"1000002773","성모내과의원","CU-25-02","-Glucose","1+","YD diagnostics","-","",""
"1000003070","의료법인 인산의료재단 자인플러스병원","CU-25-02","-Glucose","3+","YD diagnostics","-","",""
"1000003070","의료법인 인산의료재단 자인플러스병원","CU-25-02","-Ketone","3+","YD diagnostics","-","",""
"1000003248","목화병원","CU-25-02","-Glucose","2+","Others","-","",""
"1000003248","목화병원","CU-25-02","-Ketone","2+","Others","-","",""
"1000003626","경대연합속내과","CU-25-02","-Ketone","±","Others","-","",""
"100000P064","만안구 보건소","CU-25-02","-Glucose","±","Roche","-","",""
"100000P079","은평구보건소","CU-25-02","-Glucose","2+","Siemens Healthineers","-","",""
"1000000373","국군계룡대지구병원","CU-25-02","-Blood","-","Sysmex","2+, 3+","",""
"1000000563","의료법인 영동의료재단 의정부백병원","CU-25-02","-Blood","-","Roche","2+, 3+","",""
"1000000661","윤호21병원","CU-25-02","-Blood","-","Abbott","2+, 3+","",""
"1000000674","장호의료재단 녹동현대병원","CU-25-02","-Blood","-","YD diagnostics","2+, 3+","",""
"1000000907","황효주내과의원","CU-25-02","-Blood","-","Abbott","2+, 3+","",""
"1000000907","황효주내과의원","CU-25-02","-Urobilinogen","2+","Abbott","-/±","",""
"1000001231","혜화영상의학과","CU-25-02","-Blood","±","YD diagnostics","2+, 3+","",""
"1000001482","분당 자생 한방 병원","CU-25-02","-Blood","-","Abbott","2+, 3+","",""
"1000001651","8사단 의무근무대","CU-25-02","-Blood","1+","㈜디에프아이","2+, 3+","",""
"1000001654","5사단 의무근무대(열쇠병원)","CU-25-02","-Blood","1+","㈜디에프아이","2+, 3+","",""
"1000001657","30여단 의무중대","CU-25-02","-Blood","1+","㈜디에프아이","2+, 3+","",""
"1000001930","안산시립노인전문병원","CU-25-02","-Blood","-","YD diagnostics","2+, 3+","",""
"1000002074","이승남강남베스트의원","CU-25-02","-Blood","-","YD diagnostics","2+, 3+","",""
"1000002119","강남나누리병원","CU-25-02","-Blood","±","YD diagnostics","2+, 3+","",""
"1000002797","강진 오케이내과","CU-25-02","-Bilirubin","2+","㈜디에프아이","-","",""
"1000002927","연세김창훈내과의원","CU-25-02","-Blood","1+","Abbott","2+, 3+","",""
"1000003038","이이주내과","CU-25-02","-Bilirubin","3+","Abbott","-","",""
"1000003038","이이주내과","CU-25-02","-Blood","-","Abbott","2+, 3+","",""
"1000003070","의료법인 인산의료재단 자인플러스병원","CU-25-02","-Bilirubin","3+","YD diagnostics","-","",""
"1000003070","의료법인 인산의료재단 자인플러스병원","CU-25-02","-Urobilinogen","4+","YD diagnostics","-/±","",""
"1000003185","상무대근무지원단 의무대","CU-25-02","-Bilirubin","3+","㈜디에프아이","-","",""
"1000003230","남해군보건소","CU-25-02","-Blood","1+","Others","2+, 3+","",""
"1000003248","목화병원","CU-25-02","-Bilirubin","3+","Others","-","",""
"1000003248","목화병원","CU-25-02","-Urobilinogen","3+","Others","-/±","",""
"1000003592","굿프라임메디컬의원","CU-25-02","-Blood","-","㈜디에프아이","2+, 3+","",""
"1000003626","경대연합속내과","CU-25-02","-Blood","1+","Others","2+, 3+","",""
"100000P079","은평구보건소","CU-25-02","-Urobilinogen","1+","Siemens Healthineers","-/±","",""
"1000000016","대구파티마병원","CU-25-02","-Specific Gravity","1.009","Sysmex","","3.29","3.29"
"1000000027","국군서울지구병원","CU-25-02","-Specific Gravity","1.009","Sysmex","","3.29","3.29"
"1000000169","한국건강관리협회 경기도지부","CU-25-02","-Specific Gravity","1.009","Sysmex","","3.29","3.29"
"1000000212","국립마산병원","CU-25-02","-Specific Gravity","1.010","Sysmex","","4.71","4.71"
"1000000249","대한항공부속의원","CU-25-02","-Specific Gravity","1.015","Siemens Healthineers","","4.71",""
"1000000293","여수전남병원","CU-25-02","-Specific Gravity","1.009","Sysmex","","3.29","3.29"
"1000000438","국립정신건강센터","CU-25-02","-Specific Gravity","1.010","Sysmex","","4.71","4.71"
"1000000461","광주하남성심병원","CU-25-02","-Specific Gravity","1.015","Siemens Healthineers","","4.71",""
"1000000518","원진녹색병원","CU-25-02","-Specific Gravity","1.015","Siemens Healthineers","","4.71",""
"1000000642","서울특별시 서북병원","CU-25-02","-Specific Gravity","1.015","Siemens Healthineers","","4.71",""
"1000000820","해병대 제2사단 의무대대","CU-25-02","-Specific Gravity","1.025","YD diagnostics","","3.18","3.62"
"1000000907","황효주내과의원","CU-25-02","-Leukocyte","1+","Abbott","-","",""
"1000000938","서울 속편한내과의원","CU-25-02","-Specific Gravity","0.015","YD diagnostics","","-255.79","-293.44"
"1000000987","광양제철소부속의원","CU-25-02","-Specific Gravity","1.010","Sysmex","","4.71","4.71"
"1000001006","서울특별시어린이병원","CU-25-02","-Specific Gravity","1.015","Siemens Healthineers","","4.71",""
"1000001307","행당외과영상의학과의원","CU-25-02","-Specific Gravity","1.025","YD diagnostics","","3.18","3.50"
"1000001352","구미 강남병원","CU-25-02","-Leukocyte","2+","YD diagnostics","-","",""
"1000001374","의료재단 녹십자 (광주)","CU-25-02","-Specific Gravity","1.009","Sysmex","","3.29","3.29"
"1000001453","좋은삼정병원","CU-25-02","-Specific Gravity","1.003","Sysmex","","-5.29","-5.29"
"1000001546","연세새로운병원","CU-25-02","-Specific Gravity","1.020","Siemens Healthineers","","8.29",""
"1000001553","두암기독병원","CU-25-02","-Leukocyte","±","Abbott","-","",""
"1000001651","8사단 의무근무대","CU-25-02","-Leukocyte","1+","㈜디에프아이","-","",""
"1000001657","30여단 의무중대","CU-25-02","-Leukocyte","1+","㈜디에프아이","-","",""
"1000002146","더숲요양병원","CU-25-02","-Leukocyte","1+","Abbott","-","",""
"1000002527","속안심연합내과의원","CU-25-02","-Nitrite","Positive","YD diagnostics","Negative","",""
"1000003070","의료법인 인산의료재단 자인플러스병원","CU-25-02","-Nitrite","Positive","YD diagnostics","Negative","",""
"1000003070","의료법인 인산의료재단 자인플러스병원","CU-25-02","-Leukocyte","3+","YD diagnostics","-","",""
"1000003248","목화병원","CU-25-02","-Nitrite","Positive","Others","Negative","",""
"1000003248","목화병원","CU-25-02","-Leukocyte","1+","Others","-","",""
"100000P064","만안구 보건소","CU-25-02","-Nitrite","Positive","Roche","Negative","",""
"1000000825","광주한국병원","CU-25-03","-pH","8.0","Roche","6.0, 6.5, 7.0","",""
"1000002097","마산우리요양병원","CU-25-02","-Specific Gravity","1.015","Siemens Healthineers","","4.71",""
"1000002418","BB요양병원","CU-25-02","-Specific Gravity","1.015","Siemens Healthineers","","4.71",""
"1000002833","호남권역재활병원","CU-25-02","-Specific Gravity","1.015","Siemens Healthineers","","4.71",""
"1000002896","해성산부인과의원","CU-25-02","-Specific Gravity","1.015","Siemens Healthineers","","4.71",""
"1000003070","의료법인 인산의료재단 자인플러스병원","CU-25-02","-Specific Gravity","1.025","YD diagnostics","","3.18",""
"1000003592","굿프라임메디컬의원","CU-25-02","-Specific Gravity","1.030","㈜디에프아이","","7.36",""
"100000P020","영등포구보건소","CU-25-02","-Specific Gravity","1.015","Siemens Healthineers","","4.71",""
"100000P044","중랑구보건소","CU-25-02","-Specific Gravity","1.015","Siemens Healthineers","","4.71",""
"100000P049","강서구보건소","CU-25-02","-Specific Gravity","1.015","Siemens Healthineers","","4.71",""
"100000P063","인천중구보건소","CU-25-02","-Specific Gravity","0.010","Roche","","-499.10","-312.25"
"100000P070","성북보건소","CU-25-02","-Specific Gravity","1.015","Siemens Healthineers","","4.71",""
"100000P074","분당구보건소","CU-25-02","-Specific Gravity","1.015","Siemens Healthineers","","4.71",""
"1000000112","아산재단보령아산병원","CU-25-03","-Glucose","1+","YD diagnostics","2+, 3+, 4+","",""
"1000000140","국군춘천병원","CU-25-03","-Glucose","1+","YD diagnostics","2+, 3+, 4+","",""
"1000000144","국군고양병원","CU-25-03","-Glucose","1+","YD diagnostics","2+, 3+, 4+","",""
"1000000194","혜민병원","CU-25-03","-Glucose","1+","YD diagnostics","2+, 3+, 4+","",""
"1000000446","(의)강릉고려종합병원","CU-25-03","-Protein","1+","YD diagnostics","2+, 3+, 4+","",""
"1000000480","행촌의료재단 해남병원","CU-25-03","-Glucose","1+","YD diagnostics","2+, 3+, 4+","",""
"1000000572","(의)동서병원","CU-25-03","-Protein","4+","㈜디에프아이","1+, 2+, 3+","",""
"1000000591","대전.충남지방병무청","CU-25-03","-Glucose","1+","YD diagnostics","2+, 3+, 4+","",""
"1000000648","System.Xml.XmlElement","CU-25-03","-Protein","1+","Beckman Coulter Inc.","2+, 3+, 4+","",""
"1000000653","(의)용인서울병원","CU-25-03","-Protein","3+","Abbott","±, 1+, 2+","",""
"1000000668","진주세란병원","CU-25-03","-Glucose","-","Abbott","2+, 3+, 4+","",""
"1000000712","세란내과의원","CU-25-03","-Protein","4+","Abbott","±, 1+, 2+","",""
"1000000738","대한산업보건협회 서울산업보건센터","CU-25-03","-Protein","-","Abbott","±, 1+, 2+","",""
"1000000744","대한산업보건협회 울산지역본부","CU-25-03","-Protein","3+","Abbott","±, 1+, 2+","",""
"1000000750","대한산업보건협회 대전세종지역본부","CU-25-03","-Protein","1+","Others","2+, 3+, 4+","",""
"1000000754","메디인 병원","CU-25-03","-Glucose","1+","YD diagnostics","2+, 3+, 4+","",""
"1000000767","반도정형외과병원","CU-25-03","-Protein","4+","Abbott","±, 1+, 2+","",""
"1000000787","영광기독병원","CU-25-03","-Glucose","1+","YD diagnostics","2+, 3+, 4+","",""
"1000000807","인구보건복지협회 충북세종지회","CU-25-03","-Protein","1+","YD diagnostics","2+, 3+, 4+","",""
"1000000880","인사랑내과영상의학과","CU-25-03","-Protein","4+","㈜디에프아이","1+, 2+, 3+","",""
"1000001027","(의)인성의료재단 함평성심병원","CU-25-03","-Glucose","-","Abbott","2+, 3+, 4+","",""
"1000001064","제천영상의학과의원","CU-25-03","-Protein","1+","Others","2+, 3+, 4+","",""
"1000001076","분당21세기의원","CU-25-03","-Glucose","1+","YD diagnostics","2+, 3+, 4+","",""
"1000001101","천안해울병원","CU-25-03","-Protein","4+","㈜디에프아이","1+, 2+, 3+","",""
"1000001231","혜화영상의학과","CU-25-03","-Protein","-","YD diagnostics","2+, 3+, 4+","",""
"1000001266","새서울내과영상의학과의원","CU-25-03","-Protein","3+","Abbott","±, 1+, 2+","",""
"1000001271","안용진내과","CU-25-03","-Protein","4+","㈜디에프아이","1+, 2+, 3+","",""
"1000001282","마음속내과","CU-25-03","-Glucose","1+","YD diagnostics","2+, 3+, 4+","",""
"1000001292","(의)청해의료재단 제일병원","CU-25-03","-Protein","1+","Others","2+, 3+, 4+","",""
"1000001307","행당외과영상의학과의원","CU-25-03","-pH","5.0","YD diagnostics","6.0, 6.5, 7.0","",""
"1000001352","구미 강남병원","CU-25-03","-Glucose","±","YD diagnostics","2+, 3+, 4+","",""
"1000001363","김광석외과의원","CU-25-03","-Glucose","1+","YD diagnostics","2+, 3+, 4+","",""
"1000001364","천내과의원","CU-25-03","-Protein","1+","Others","2+, 3+, 4+","",""
"1000001378","무지개병원","CU-25-03","-Glucose","1+","㈜디에프아이","2+, 3+, 4+","",""
"1000001390","울들병원","CU-25-03","-Glucose","1+","YD diagnostics","2+, 3+, 4+","",""
"1000001511","대구시티병원","CU-25-03","-Glucose","1+","Abbott","2+, 3+, 4+","",""
"1000001514","해운대 나눔과행복병원","CU-25-03","-Glucose","1+","YD diagnostics","2+, 3+, 4+","",""
"1000001518","삼천포서울병원","CU-25-03","-Glucose","-","Siemens Healthineers","1+, 2+, 3+","",""
"1000001522","성북성심의원","CU-25-03","-Glucose","1+","Abbott","2+, 3+, 4+","",""
"1000001546","연세새로운병원","CU-25-03","-Protein","1+","Siemens Healthineers","2+, 3+, 4+","",""
"1000001546","연세새로운병원","CU-25-03","-Glucose","4+","Siemens Healthineers","1+, 2+, 3+","",""
"1000001553","두암기독병원","CU-25-03","-pH","8.5","Abbott","6.0, 6.5, 7.0","",""
"1000001569","박석채내과의원","CU-25-03","-Protein","4+","㈜디에프아이","1+, 2+, 3+","",""
"1000001605","남악온누리내과의원","CU-25-03","-Glucose","1+","YD diagnostics","2+, 3+, 4+","",""
"1000001618","영광기독신하병원","CU-25-03","-Glucose","1+","YD diagnostics","2+, 3+, 4+","",""
"1000001633","정다운요양병원","CU-25-03","-Glucose","1+","㈜디에프아이","2+, 3+, 4+","",""
"1000001636","재)한국산업보건환경연구소 부설 해상병원","CU-25-03","-Protein","3+","Abbott","±, 1+, 2+","",""
"1000001680","해병대사령부 의무대","CU-25-03","-pH","5.0","YD diagnostics","6.0, 6.5, 7.0","",""
"1000001680","해병대사령부 의무대","CU-25-03","-Glucose","1+","YD diagnostics","2+, 3+, 4+","",""
"1000001724","정해산업보건연구소중앙의원","CU-25-03","-Protein","3+","Abbott","±, 1+, 2+","",""
"1000001737","바로본병원","CU-25-03","-Glucose","1+","YD diagnostics","2+, 3+, 4+","",""
"1000001778","호성전주병원","CU-25-03","-pH","5.5","YD diagnostics","6.0, 6.5, 7.0","",""
"1000001779","춘천시노인전문병원","CU-25-03","-Protein","4+","Abbott","±, 1+, 2+","",""
"1000001780","현대요양병원","CU-25-03","-Protein","1+","YD diagnostics","2+, 3+, 4+","",""
"1000001809","한양류마디병원","CU-25-03","-Glucose","1+","YD diagnostics","2+, 3+, 4+","",""
"1000001826","새로운 내과","CU-25-03","-Glucose","1+","Abbott","2+, 3+, 4+","",""
"1000001837","김정백 내과","CU-25-03","-Protein","3+","Abbott","±, 1+, 2+","",""
"1000001845","박근태내과의원","CU-25-03","-Protein","4+","㈜디에프아이","1+, 2+, 3+","",""
"1000001870","속편한내과 서울한강점","CU-25-03","-Protein","4+","㈜디에프아이","1+, 2+, 3+","",""
"1000001882","메디컬닥터스 속시원내과의원","CU-25-03","-Protein","1+","Others","2+, 3+, 4+","",""
"1000001950","장편한내과의원","CU-25-03","-pH","7.5","Abbott","6.0, 6.5, 7.0","",""
"1000002074","이승남강남베스트의원","CU-25-03","-Glucose","1+","YD diagnostics","2+, 3+, 4+","",""
"1000002093","안산경희재활요양병원","CU-25-03","-Protein","1+","Others","2+, 3+, 4+","",""
"1000002097","마산우리요양병원","CU-25-03","-pH","8.0","Siemens Healthineers","6.5, 7.0, 7.5","",""
"1000002102","큰사랑 요양병원","CU-25-03","-Protein","1+","Others","2+, 3+, 4+","",""
"1000002148","시립문경요양병원","CU-25-03","-Protein","1+","YD diagnostics","2+, 3+, 4+","",""
"1000002150","제일요양병원","CU-25-03","-Protein","4+","㈜디에프아이","1+, 2+, 3+","",""
"1000002166","푸르메재단 넥슨어린이재활병원","CU-25-03","-Protein","3+","Abbott","±, 1+, 2+","",""
"1000002196","미래여성병원","CU-25-03","-pH","5.5","YD diagnostics","6.0, 6.5, 7.0","",""
"1000002202","휴병원","CU-25-03","-pH","5.0","YD diagnostics","6.0, 6.5, 7.0","",""
"1000002206","원당연세병원","CU-25-03","-Protein","1+","Others","2+, 3+, 4+","",""
"1000002210","(의)나라의료재단 중앙나라요양병원","CU-25-03","-Protein","1+","YD diagnostics","2+, 3+, 4+","",""
"1000002210","(의)나라의료재단 중앙나라요양병원","CU-25-03","-Glucose","±","YD diagnostics","2+, 3+, 4+","",""
"1000002266","류마부산김승영내과","CU-25-03","-Protein","1+","Others","2+, 3+, 4+","",""
"1000002273","원광아리울 의료법인 원광효도양병원","CU-25-03","-Protein","1+","Others","2+, 3+, 4+","",""
"1000002277","의료법인 상보의료재단 대구경상병원","CU-25-03","-Protein","3+","Abbott","±, 1+, 2+","",""
"1000002315","하동중앙의원","CU-25-03","-Protein","3+","Abbott","±, 1+, 2+","",""
"1000002371","김현우내과","CU-25-03","-Protein","3+","Abbott","±, 1+, 2+","",""
"1000002431","휴내과","CU-25-03","-pH","5.5","YD diagnostics","6.0, 6.5, 7.0","",""
"1000002479","박성제내과","CU-25-03","-Protein","3+","Abbott","±, 1+, 2+","",""
"1000002510","정내과의원","CU-25-03","-Protein","1+","YD diagnostics","2+, 3+, 4+","",""
"1000002540","강동서울의원","CU-25-03","-Protein","3+","Abbott","±, 1+, 2+","",""
"1000002556","나비샘내과의원","CU-25-03","-Protein","1+","YD diagnostics","2+, 3+, 4+","",""
"1000002570","광주시립제1요양병원","CU-25-03","-Glucose","1+","YD diagnostics","2+, 3+, 4+","",""
"1000002571","이준상내과","CU-25-03","-Protein","-","YD diagnostics","2+, 3+, 4+","",""
"1000002571","이준상내과","CU-25-03","-Glucose","-","YD diagnostics","2+, 3+, 4+","",""
"1000002579","정내과의원","CU-25-03","-Protein","3+","Abbott","±, 1+, 2+","",""
"1000002594","군산휴내과의원","CU-25-03","-Protein","4+","㈜디에프아이","1+, 2+, 3+","",""
"1000002602","지창준내과의원","CU-25-03","-Protein","4+","㈜디에프아이","1+, 2+, 3+","",""
"1000002640","기독내과의원","CU-25-03","-Protein","3+","Abbott","±, 1+, 2+","",""
"1000002644","경기웰니스요양병원","CU-25-03","-Protein","3+","Abbott","±, 1+, 2+","",""
"1000002647","자연속내과의원","CU-25-03","-Protein","4+","㈜디에프아이","1+, 2+, 3+","",""
"1000002697","새항운병원","CU-25-03","-pH","5.5","YD diagnostics","6.0, 6.5, 7.0","",""
"1000002712","세인트마리여성병원","CU-25-03","-Protein","3+","Abbott","±, 1+, 2+","",""
"1000002738","동안비전내과의원","CU-25-03","-Protein","4+","㈜디에프아이","1+, 2+, 3+","",""
"1000002756","히즈메디 병원","CU-25-03","-pH","5.5","YD diagnostics","6.0, 6.5, 7.0","",""
"1000002777","힐의료재단센텀힐병원","CU-25-03","-Protein","3+","Abbott","±, 1+, 2+","",""
"1000002823","연세아란산부인과의원","CU-25-03","-Glucose","-","YD diagnostics","2+, 3+, 4+","",""
"1000002842","다윗365내과","CU-25-03","-Protein","4+","㈜디에프아이","1+, 2+, 3+","",""
"1000002851","속시원내과의원","CU-25-03","-Protein","1+","Others","2+, 3+, 4+","",""
"1000002912","System.Xml.XmlElement","CU-25-03","-Glucose","-","Abbott","2+, 3+, 4+","",""
"1000002915","경상북도립노인전문요양병원","CU-25-03","-pH","6.0","Siemens Healthineers","6.5, 7.0, 7.5","",""
"1000002927","연세김창훈내과의원","CU-25-03","-Glucose","1+","Abbott","2+, 3+, 4+","",""
"1000002958","유앤제이병원","CU-25-03","-Protein","1+","YD diagnostics","2+, 3+, 4+","",""
"1000002975","청학의원","CU-25-03","-Protein","3+","Abbott","±, 1+, 2+","",""
"1000002977","경주센텀병원","CU-25-03","-Protein","3+","Abbott","±, 1+, 2+","",""
"1000002980","창아의료재단 푸른요양병원","CU-25-03","-Protein","4+","㈜디에프아이","1+, 2+, 3+","",""
"1000002988","정다운병원","CU-25-03","-Glucose","1+","㈜디에프아이","2+, 3+, 4+","",""
"1000002989","아폴로헬스케어의원","CU-25-03","-Protein","1+","청도제약","2+, 3+, 4+","",""
"1000002991","안산중앙내과의원","CU-25-03","-Glucose","±","YD diagnostics","2+, 3+, 4+","",""
"1000003070","의료법인 인산의료재단 자인플러스병원","CU-25-03","-Glucose","-","YD diagnostics","2+, 3+, 4+","",""
"1000003126","거창중앙메디컬병원","CU-25-03","-Protein","4+","㈜디에프아이","1+, 2+, 3+","",""
"1000003150","류마장구본승내과","CU-25-03","-Protein","1+","Others","2+, 3+, 4+","",""
"1000003200","인천 옹진군보건소","CU-25-03","-Protein","1+","YD diagnostics","2+, 3+, 4+","",""
"1000003248","목화병원","CU-25-03","-Protein","-","Others","2+, 3+, 4+","",""
"1000003592","굿프라임메디컬의원","CU-25-03","-pH","5.0","㈜디에프아이","6.0, 6.5, 7.0","",""
"1000003596","최강식내과의원","CU-25-03","-Protein","3+","Abbott","±, 1+, 2+","",""
"1000003622","System.Xml.XmlElement","CU-25-03","-pH","8.0","YD diagnostics","6.0, 6.5, 7.0","",""
"1000003626","경대연합속내과","CU-25-03","-Protein","1+","Others","2+, 3+, 4+","",""
"100000P098","양구군보건소","CU-25-03","-pH","5.0","YD diagnostics","6.0, 6.5, 7.0","",""
"1000000150","해군포항병원","CU-25-03","-Ketone","3+","Arkray Inc","±, 1+, 2+","",""
"1000000298","근로복지공단 대전병원","CU-25-03","-Ketone","3+","Siemens Healthineers","±, 1+, 2+","",""
"1000000440","한국한센복지협회","CU-25-03","-Ketone","3+","YD diagnostics","±, 1+, 2+","",""
"1000000515","강남병원","CU-25-03","-Ketone","-","Siemens Healthineers","±, 1+, 2+","",""
"1000000585","광화문헬스케어의원","CU-25-03","-Ketone","3+","YD diagnostics","±, 1+, 2+","",""
"1000000653","(의)용인서울병원","CU-25-03","-Ketone","3+","Abbott","±, 1+, 2+","",""
"1000000661","윤호21병원","CU-25-03","-Blood","-","Abbott","2+, 3+","",""
"1000000692","강남헬스케어의원","CU-25-03","-Ketone","3+","YD diagnostics","±, 1+, 2+","",""
"1000000708","구리백내과","CU-25-03","-Ketone","3+","YD diagnostics","±, 1+, 2+","",""
"1000000742","대한산업보건협회 경북지부","CU-25-03","-Ketone","3+","Abbott","±, 1+, 2+","",""
"1000000764","광주헬스케어의원","CU-25-03","-Ketone","3+","YD diagnostics","±, 1+, 2+","",""
"1000000765","대구헬스케어의원","CU-25-03","-Ketone","3+","YD diagnostics","±, 1+, 2+","",""
"1000000766","대전헬스케어의원","CU-25-03","-Ketone","3+","YD diagnostics","±, 1+, 2+","",""
"1000000767","반도정형외과병원","CU-25-03","-Ketone","3+","Abbott","±, 1+, 2+","",""
"1000000788","녹향의원","CU-25-03","-Ketone","3+","YD diagnostics","±, 1+, 2+","",""
"1000000804","인구보건복지협회 경기도지회","CU-25-03","-Ketone","3+","YD diagnostics","±, 1+, 2+","",""
"1000000833","고운숨결내과의원","CU-25-03","-Ketone","3+","YD diagnostics","±, 1+, 2+","",""
"1000001026","서울지방병무청2","CU-25-03","-Ketone","3+","Arkray Inc","±, 1+, 2+","",""
"1000001117","창동제일의원","CU-25-03","-Ketone","3+","YD diagnostics","±, 1+, 2+","",""
"1000001212","성문의원","CU-25-03","-Ketone","3+","Abbott","±, 1+, 2+","",""
"1000001231","혜화영상의학과","CU-25-03","-Bilirubin","-","YD diagnostics","2+, 3+","",""
"1000001239","연세하나내과소아과의원","CU-25-03","-Blood","-","YD diagnostics","2+, 3+","",""
"1000001266","새서울내과영상의학과의원","CU-25-03","-Ketone","3+","Abbott","±, 1+, 2+","",""
"1000001448","하나로내과의원","CU-25-03","-Ketone","3+","YD diagnostics","±, 1+, 2+","",""
"1000001519","장성중앙내과의원","CU-25-03","-Ketone","3+","㈜디에프아이","±, 1+, 2+","",""
"1000001546","연세새로운병원","CU-25-03","-Ketone","3+","Siemens Healthineers","±, 1+, 2+","",""
"1000001814","대구누네안과병원","CU-25-03","-Ketone","3+","YD diagnostics","±, 1+, 2+","",""
"1000001862","건강한내과","CU-25-03","-Ketone","3+","YD diagnostics","±, 1+, 2+","",""
"1000001870","속편한내과 서울한강점","CU-25-03","-Ketone","3+","㈜디에프아이","±, 1+, 2+","",""
"1000001905","한빛내과의원","CU-25-03","-Ketone","3+","YD diagnostics","±, 1+, 2+","",""
"1000001955","공주좋은내과","CU-25-03","-Ketone","3+","YD diagnostics","±, 1+, 2+","",""
"1000002140","한솔요양병원","CU-25-03","-Ketone","3+","YD diagnostics","±, 1+, 2+","",""
"1000002181","성현내과","CU-25-03","-Ketone","3+","YD diagnostics","±, 1+, 2+","",""
"1000002248","마하재활병원","CU-25-03","-Ketone","3+","Abbott","±, 1+, 2+","",""
"1000002277","의료법인 상보의료재단 대구경상병원","CU-25-03","-Ketone","3+","Abbott","±, 1+, 2+","",""
"1000002278","참포도나무병원","CU-25-03","-Ketone","3+","YD diagnostics","±, 1+, 2+","",""
"1000002288","쾌찬내과의원","CU-25-03","-Ketone","3+","Abbott","±, 1+, 2+","",""
"1000002294","송강복음내과","CU-25-03","-Ketone","3+","YD diagnostics","±, 1+, 2+","",""
"1000002314","한나여성아이병원","CU-25-03","-Ketone","3+","YD diagnostics","±, 1+, 2+","",""
"1000002315","하동중앙의원","CU-25-03","-Ketone","3+","Abbott","±, 1+, 2+","",""
"1000002332","경일신경과내과의원","CU-25-03","-Ketone","3+","YD diagnostics","±, 1+, 2+","",""
"1000002333","선사내과의원","CU-25-03","-Ketone","3+","YD diagnostics","±, 1+, 2+","",""
"1000002340","신기한속내과연합의원","CU-25-03","-Ketone","3+","YD diagnostics","±, 1+, 2+","",""
"1000002346","김석호내과의원","CU-25-03","-Ketone","3+","YD diagnostics","±, 1+, 2+","",""
"1000002362","세종프라임요양병원","CU-25-03","-Ketone","3+","YD diagnostics","±, 1+, 2+","",""
"1000002375","참병원","CU-25-03","-Ketone","3+","YD diagnostics","±, 1+, 2+","",""
"1000002418","BB요양병원","CU-25-03","-Bilirubin","1+","Siemens Healthineers","2+, 3+","",""
"1000002486","남해병원","CU-25-03","-Ketone","3+","YD diagnostics","±, 1+, 2+","",""
"1000002546","더미즈웰산부인과","CU-25-03","-Ketone","3+","YD diagnostics","±, 1+, 2+","",""
"1000002556","나비샘내과의원","CU-25-03","-Ketone","-","YD diagnostics","±, 1+, 2+","",""
"1000002563","송암의료재단 중앙요양병원","CU-25-03","-Ketone","3+","YD diagnostics","±, 1+, 2+","",""
"1000002569","서울척병원","CU-25-03","-Ketone","-","Abbott","±, 1+, 2+","",""
"1000002571","이준상내과","CU-25-03","-Ketone","-","YD diagnostics","±, 1+, 2+","",""
"1000002571","이준상내과","CU-25-03","-Bilirubin","-","YD diagnostics","2+, 3+","",""
"1000002572","포항성모내과의원","CU-25-03","-Ketone","3+","YD diagnostics","±, 1+, 2+","",""
"1000002582","박태욱 미소내과","CU-25-03","-Ketone","3+","YD diagnostics","±, 1+, 2+","",""
"1000002618","공내과","CU-25-03","-Ketone","-","Abbott","±, 1+, 2+","",""
"1000002626","조병수 의원","CU-25-03","-Ketone","3+","YD diagnostics","±, 1+, 2+","",""
"1000002640","기독내과의원","CU-25-03","-Ketone","3+","Abbott","±, 1+, 2+","",""
"1000002644","경기웰니스요양병원","CU-25-03","-Ketone","3+","Abbott","±, 1+, 2+","",""
"1000002661","에델여성의원","CU-25-03","-Ketone","3+","Abbott","±, 1+, 2+","",""
"1000002712","세인트마리여성병원","CU-25-03","-Ketone","3+","Abbott","±, 1+, 2+","",""
"1000002775","박동훈내과의원","CU-25-03","-Ketone","3+","YD diagnostics","±, 1+, 2+","",""
"1000002915","경상북도립노인전문요양병원","CU-25-03","-Ketone","3+","Siemens Healthineers","±, 1+, 2+","",""
"1000002953","의료법인 희원 래봄병원","CU-25-03","-Ketone","3+","㈜디에프아이","±, 1+, 2+","",""
"1000002968","곧바로병원","CU-25-03","-Ketone","3+","YD diagnostics","±, 1+, 2+","",""
"1000002975","청학의원","CU-25-03","-Ketone","3+","Abbott","±, 1+, 2+","",""
"1000002983","안동요양병원","CU-25-03","-Ketone","3+","Abbott","±, 1+, 2+","",""
"1000003070","의료법인 인산의료재단 자인플러스병원","CU-25-03","-Ketone","-","YD diagnostics","±, 1+, 2+","",""
"1000003070","의료법인 인산의료재단 자인플러스병원","CU-25-03","-Bilirubin","-","YD diagnostics","2+, 3+","",""
"1000003162","위사랑연합내과의원","CU-25-03","-Ketone","-","Abbott","±, 1+, 2+","",""
"1000003241","청춘병원","CU-25-03","-Glucose","1+","YD diagnostics","2+, 3+, 4+","",""
"1000003247","학장성심의원","CU-25-03","-Ketone","3+","YD diagnostics","±, 1+, 2+","",""
"1000003248","목화병원","CU-25-03","-Glucose","-","Others","2+, 3+, 4+","",""
"1000003248","목화병원","CU-25-03","-Ketone","-","Others","±, 1+, 2+","",""
"1000003248","목화병원","CU-25-03","-Bilirubin","-","Others","2+, 3+","",""
"1000003556","울릉군보건의료원","CU-25-03","-Ketone","3+","YD diagnostics","±, 1+, 2+","",""
"1000003592","굿프라임메디컬의원","CU-25-03","-Ketone","-","㈜디에프아이","±, 1+, 2+","",""
"1000003592","굿프라임메디컬의원","CU-25-03","-Bilirubin","1+","㈜디에프아이","2+, 3+","",""
"100000P048","울산광역시 동구보건소","CU-25-03","-Ketone","3+","YD diagnostics","±, 1+, 2+","",""
"1000000150","해군포항병원","CU-25-03","-Urobilinogen","1+","Arkray Inc","2+, 3+, 4+","",""
"1000000581","인천병무지청","CU-25-03","-Urobilinogen","1+","Arkray Inc","2+, 3+, 4+","",""
"1000000607","서울지방병무청1","CU-25-03","-Urobilinogen","1+","Arkray Inc","2+, 3+, 4+","",""
"1000000907","황효주내과의원","CU-25-03","-Urobilinogen","1+","Abbott","2+, 3+, 4+","",""
"1000001026","서울지방병무청2","CU-25-03","-Urobilinogen","1+","Arkray Inc","2+, 3+, 4+","",""
"1000001058","한마음내과의원","CU-25-03","-Nitrite","Negative","㈜디에프아이","Positive","",""
"1000001115","송내과","CU-25-03","-Nitrite","Negative","㈜디에프아이","Positive","",""
"1000001158","갑을녹산병원","CU-25-03","-Nitrite","Negative","YD diagnostics","Positive","",""
"1000001231","혜화영상의학과","CU-25-03","-Urobilinogen","-/±","YD diagnostics","2+, 3+, 4+","",""
"1000001231","혜화영상의학과","CU-25-03","-Nitrite","Negative","YD diagnostics","Positive","",""
"1000001279","죽전서울삼성내과","CU-25-03","-Nitrite","Negative","YD diagnostics","Positive","",""
"1000001365","송호신 내과 의원","CU-25-03","-Urobilinogen","-/±","㈜디에프아이","2+, 3+, 4+","",""
"1000001512","명내과방사선과","CU-25-03","-Nitrite","Negative","Abbott","Positive","",""
"1000001596","한성병원","CU-25-03","-Nitrite","Negative","Abbott","Positive","",""
"1000001700","편한내과 통증의학과","CU-25-03","-Urobilinogen","1+","Abbott","2+, 3+, 4+","",""
"1000001750","포미즈여성병원","CU-25-03","-Nitrite","Negative","YD diagnostics","Positive","",""
"1000001772","서울의원","CU-25-03","-Urobilinogen","-/±","Abbott","2+, 3+, 4+","",""
"1000001877","인본병원","CU-25-03","-Urobilinogen","1+","YD diagnostics","2+, 3+, 4+","",""
"1000002074","이승남강남베스트의원","CU-25-03","-Blood","1+","YD diagnostics","2+, 3+","",""
"1000002532","세명영상의학과의원","CU-25-03","-Nitrite","Negative","㈜디에프아이","Positive","",""
"1000002541","하나병원","CU-25-03","-Urobilinogen","1+","㈜디에프아이","2+, 3+, 4+","",""
"1000002556","나비샘내과의원","CU-25-03","-Nitrite","Negative","YD diagnostics","Positive","",""
"1000002564","선한빛요양병원","CU-25-03","-Urobilinogen","-/±","YD diagnostics","2+, 3+, 4+","",""
"1000002571","이준상내과","CU-25-03","-Blood","-","YD diagnostics","2+, 3+","",""
"1000002571","이준상내과","CU-25-03","-Urobilinogen","-/±","YD diagnostics","2+, 3+, 4+","",""
"1000002644","경기웰니스요양병원","CU-25-03","-Nitrite","Negative","Abbott","Positive","",""
"1000002696","샘고을요양병원","CU-25-03","-Urobilinogen","-/±","Abbott","2+, 3+, 4+","",""
"1000003070","의료법인 인산의료재단 자인플러스병원","CU-25-03","-Urobilinogen","-/±","YD diagnostics","2+, 3+, 4+","",""
"1000003070","의료법인 인산의료재단 자인플러스병원","CU-25-03","-Nitrite","Negative","YD diagnostics","Positive","",""
"1000003248","목화병원","CU-25-03","-Blood","-","Others","2+, 3+","",""
"1000003248","목화병원","CU-25-03","-Urobilinogen","-/±","Others","2+, 3+, 4+","",""
"1000003585","새사당의원","CU-25-03","-Urobilinogen","1+","YD diagnostics","2+, 3+, 4+","",""
"1000003592","굿프라임메디컬의원","CU-25-03","-Blood","-","㈜디에프아이","2+, 3+","",""
"1000000005","경북대학교병원","CU-25-03","-Specific Gravity","1.026","Sysmex","","4.00","4.00"
"1000000059","한림대학교 의료원 한강성심병원","CU-25-03","-Specific Gravity","1.021","Sysmex","","-3.14","-3.14"
"1000000129","하나병원","CU-25-03","-Specific Gravity","0.021","Sysmex","","-1431.71","-1431.71"
"1000000139","국군구리병원","CU-25-03","-Specific Gravity","1.020","Sysmex","","-4.57","-4.57"
"1000000212","국립마산병원","CU-25-03","-Specific Gravity","1.036","Sysmex","","18.29","18.29"
"1000000298","근로복지공단 대전병원","CU-25-03","-Specific Gravity","1.015","Siemens Healthineers","","-4.06",""
"1000000438","국립정신건강센터","CU-25-03","-Specific Gravity","1.026","Sysmex","","4.00","4.00"
"1000000466","(의)합포의료재단 SMG연세병원","CU-25-03","-Specific Gravity","1.015","Siemens Healthineers","","-4.06",""
"1000000512","경상북도김천의료원","CU-25-03","-Specific Gravity","1.020","Sysmex","","-4.57","-4.57"
"1000000516","의료법인 일민의료재단 세강병원","CU-25-03","-Leukocyte","-","Abbott","1+, 2+, 3+","",""
"1000000532","의료법인 목포구암의료재단 목포중앙병원","CU-25-03","-Specific Gravity","1.021","Sysmex","","-3.14","-3.14"
"1000000586","아이엠씨강남의원","CU-25-03","-Leukocyte","±","Abbott","1+, 2+, 3+","",""
"1000000648","System.Xml.XmlElement","CU-25-03","-Leukocyte","±","Beckman Coulter Inc.","1+, 2+, 3+","",""
"1000000653","(의)용인서울병원","CU-25-03","-Leukocyte","±","Abbott","1+, 2+, 3+","",""
"1000000740","(사)대한산업보건협회 경기지역본부","CU-25-03","-Leukocyte","-","Abbott","1+, 2+, 3+","",""
"1000000741","대한산업보건협회 창원산업보건센타","CU-25-03","-Leukocyte","-","Abbott","1+, 2+, 3+","",""
"1000000742","대한산업보건협회 경북지부","CU-25-03","-Leukocyte","-","Abbott","1+, 2+, 3+","",""
"1000000743","대한산업보건협회 경기서부지역본부","CU-25-03","-Leukocyte","-","Abbott","1+, 2+, 3+","",""
"1000000744","대한산업보건협회 울산지역본부","CU-25-03","-Leukocyte","-","Abbott","1+, 2+, 3+","",""
"1000000747","대한산업보건협회 전북산업보건센타","CU-25-03","-Leukocyte","-","Abbott","1+, 2+, 3+","",""
"1000000748","대한산업보건협회 부산지역본부","CU-25-03","-Leukocyte","-","Abbott","1+, 2+, 3+","",""
"1000000750","대한산업보건협회 대전세종지역본부","CU-25-03","-Leukocyte","-","Others","1+, 2+, 3+","",""
"1000000767","반도정형외과병원","CU-25-03","-Leukocyte","±","Abbott","1+, 2+, 3+","",""
"1000000830","대한산업보건협회 대구지역본부","CU-25-03","-Leukocyte","-","Abbott","1+, 2+, 3+","",""
"1000000837","의료법인 건명의료재단","CU-25-03","-Leukocyte","±","Abbott","1+, 2+, 3+","",""
"1000000875","POSCO 부속의원","CU-25-03","-Specific Gravity","1.021","Sysmex","","-3.14","-3.14"
"1000000877","순천의료원","CU-25-03","-Specific Gravity","1.028","Siemens Healthineers","","4.06",""
"1000000968","단국대학교치과병원","CU-25-03","-Leukocyte","-","Abbott","1+, 2+, 3+","",""
"1000000975","누네안과병원","CU-25-03","-Leukocyte","±","YD diagnostics","1+, 2+, 3+","",""
"1000000987","광양제철소부속의원","CU-25-03","-Specific Gravity","1.026","Sysmex","","4.00","4.00"
"1000001212","성문의원","CU-25-03","-Leukocyte","-","Abbott","1+, 2+, 3+","",""
"1000001231","혜화영상의학과","CU-25-03","-Leukocyte","-","YD diagnostics","1+, 2+, 3+","",""
"1000001240","목포복음내과","CU-25-03","-Leukocyte","-","㈜디에프아이","1+, 2+, 3+","",""
"1000001256","미듬내과","CU-25-03","-Leukocyte","-","㈜디에프아이","1+, 2+, 3+","",""
"1000001266","새서울내과영상의학과의원","CU-25-03","-Leukocyte","-","Abbott","1+, 2+, 3+","",""
"1000001268","성요셉가정의학과의원","CU-25-03","-Specific Gravity","1.005","Abbott","","-5.27","-5.27"
"1000001338","손경수내과의원","CU-25-03","-Leukocyte","-","Abbott","1+, 2+, 3+","",""
"1000001350","박창현내과의원","CU-25-03","-Leukocyte","-","Abbott","1+, 2+, 3+","",""
"1000001359","서울영상의학과의원","CU-25-03","-Leukocyte","±","㈜디에프아이","1+, 2+, 3+","",""
"1000001363","김광석외과의원","CU-25-03","-Leukocyte","±","YD diagnostics","1+, 2+, 3+","",""
"1000001368","이록윤내과의원","CU-25-03","-Leukocyte","±","Abbott","1+, 2+, 3+","",""
"1000001374","의료재단 녹십자 (광주)","CU-25-03","-Specific Gravity","1.026","Sysmex","","4.00","4.00"
"1000001376","JS메디칼내과외과정형외과의원","CU-25-03","-Leukocyte","±","Abbott","1+, 2+, 3+","",""
"1000001378","무지개병원","CU-25-03","-Leukocyte","±","㈜디에프아이","1+, 2+, 3+","",""
"1000001384","동남권원자력의학원원자력병원","CU-25-03","-Specific Gravity","1.021","Sysmex","","-3.14","-3.14"
"1000001403","남양주21세기병원","CU-25-03","-Leukocyte","-","Abbott","1+, 2+, 3+","",""
"1000001412","화순중앙병원","CU-25-03","-Leukocyte","±","Abbott","1+, 2+, 3+","",""
"1000001480","속시원내과의원","CU-25-03","-Leukocyte","-","Abbott","1+, 2+, 3+","",""
"1000001483","서준의료재단 예천권병원","CU-25-03","-Specific Gravity","1.008","Abbott","","-4.27","-4.27"
"1000001485","하이큐영상의원","CU-25-03","-Leukocyte","-","Abbott","1+, 2+, 3+","",""
"1000001486","대한산업보건협회 남부산의원","CU-25-03","-Leukocyte","-","Abbott","1+, 2+, 3+","",""
"1000001512","명내과방사선과","CU-25-03","-Leukocyte","-","Abbott","1+, 2+, 3+","",""
"1000001523","동순천 내과의원","CU-25-03","-Leukocyte","±","㈜디에프아이","1+, 2+, 3+","",""
"1000001553","두암기독병원","CU-25-03","-Specific Gravity","1.005","Abbott","","-5.27","-5.27"
"1000001596","한성병원","CU-25-03","-Leukocyte","-","Abbott","1+, 2+, 3+","",""
"1000001654","5사단 의무근무대(열쇠병원)","CU-25-03","-Leukocyte","±","㈜디에프아이","1+, 2+, 3+","",""
"1000001724","정해산업보건연구소중앙의원","CU-25-03","-Leukocyte","-","Abbott","1+, 2+, 3+","",""
"1000001737","바로본병원","CU-25-03","-Leukocyte","±","YD diagnostics","1+, 2+, 3+","",""
"1000001741","맑은샘병원","CU-25-03","-Specific Gravity","1.015","Siemens Healthineers","","-4.06",""
"1000001780","현대요양병원","CU-25-03","-Leukocyte","±","YD diagnostics","1+, 2+, 3+","",""
"1000001820","오산한국병원","CU-25-03","-Leukocyte","-","Beckman Coulter Inc.","1+, 2+, 3+","",""
"1000001821","경기도노인전문평택병원","CU-25-03","-Leukocyte","±","Abbott","1+, 2+, 3+","",""
"1000001837","김정백 내과","CU-25-03","-Leukocyte","±","Abbott","1+, 2+, 3+","",""
"1000001868","봉담성모내과의원","CU-25-03","-Leukocyte","-","Others","1+, 2+, 3+","",""
"1000001903","늘좋은내과의원","CU-25-03","-Leukocyte","-","㈜디에프아이","1+, 2+, 3+","",""
"1000002077","아인의료재단 아인병원","CU-25-03","-Specific Gravity","1.021","Sysmex","","-3.14","-3.14"
"1000002177","금성의료재단 상그릴라요양병원","CU-25-03","-Leukocyte","-","Abbott","1+, 2+, 3+","",""
"1000002288","쾌찬내과의원","CU-25-03","-Leukocyte","-","Abbott","1+, 2+, 3+","",""
"1000002296","장안속내과","CU-25-03","-Specific Gravity","1.030","Abbott","","3.07","3.07"
"1000002371","김현우내과","CU-25-03","-Leukocyte","-","Abbott","1+, 2+, 3+","",""
"1000002373","대구 열린큰병원","CU-25-03","-Leukocyte","-","Others","1+, 2+, 3+","",""
"1000002398","성모내과","CU-25-03","-Leukocyte","-","Abbott","1+, 2+, 3+","",""
"1000002399","부산 순 병원","CU-25-03","-Specific Gravity","1.015","Siemens Healthineers","","-4.06",""
"1000002418","BB요양병원","CU-25-03","-Specific Gravity","1.010","Siemens Healthineers","","-7.19",""
"1000002445","태성의료재단 제일조은병원","CU-25-03","-Leukocyte","-","Abbott","1+, 2+, 3+","",""
"1000002558","양지요양병원","CU-25-03","-Leukocyte","-","Abbott","1+, 2+, 3+","",""
"1000002618","공내과","CU-25-03","-Leukocyte","-","Abbott","1+, 2+, 3+","",""
"1000002644","경기웰니스요양병원","CU-25-03","-Leukocyte","-","Abbott","1+, 2+, 3+","",""
"1000002696","샘고을요양병원","CU-25-03","-Specific Gravity","1.010","Abbott","","-3.60","-3.42"
"1000002748","비케이내과의원","CU-25-03","-Specific Gravity","1.200","Abbott","","59.73","57.87"
"1000002784","센텀내과의원","CU-25-03","-Leukocyte","±","YD diagnostics","1+, 2+, 3+","",""
"1000002794","송내과의원","CU-25-03","-Leukocyte","-","Abbott","1+, 2+, 3+","",""
"1000002797","강진 오케이내과","CU-25-03","-Leukocyte","-","㈜디에프아이","1+, 2+, 3+","",""
"1000002859","원광종합병원","CU-25-03","-Leukocyte","±","YD diagnostics","1+, 2+, 3+","",""
"1000002911","우리메디컬의원","CU-25-03","-Leukocyte","-","Abbott","1+, 2+, 3+","",""
"1000002988","정다운병원","CU-25-03","-Leukocyte","-","㈜디에프아이","1+, 2+, 3+","",""
"1000003050","전내과의원","CU-25-03","-Leukocyte","-","㈜디에프아이","1+, 2+, 3+","",""
"1000003070","의료법인 인산의료재단 자인플러스병원","CU-25-03","-Leukocyte","-","YD diagnostics","1+, 2+, 3+","",""
"1000003083","류마앤정내과","CU-25-03","-Leukocyte","±","YD diagnostics","1+, 2+, 3+","",""
"1000003111","새소망내과","CU-25-03","-Leukocyte","-","Abbott","1+, 2+, 3+","",""
"1000003121","위하는 내과의원","CU-25-03","-Leukocyte","±","Abbott","1+, 2+, 3+","",""
"1000003146","김포정원내과의원","CU-25-03","-Specific Gravity","0.020","Abbott","","-333.60","-333.60"
"1000003162","위사랑연합내과의원","CU-25-03","-Leukocyte","-","Abbott","1+, 2+, 3+","",""
"1000003248","목화병원","CU-25-03","-Nitrite","Negative","Others","Positive","",""
"1000003248","목화병원","CU-25-03","-Leukocyte","-","Others","1+, 2+, 3+","",""
"1000003563","의료법인녹십자의료재단양산녹십자의원","CU-25-03","-Specific Gravity","1.020","Sysmex","","-4.57","-4.57"
"1000003565","둔산한빛내과","CU-25-03","-Specific Gravity","1.010","Abbott","","-3.60","-3.42"
"1000003566","청주엔도내과","CU-25-03","-Leukocyte","-","㈜디에프아이","1+, 2+, 3+","",""
"1000003577","김태효탑내과의원","CU-25-03","-Nitrite","Negative","㈜디에프아이","Positive","",""
"1000003577","김태효탑내과의원","CU-25-03","-Leukocyte","±","㈜디에프아이","1+, 2+, 3+","",""
"1000003592","굿프라임메디컬의원","CU-25-03","-Specific Gravity","1.000","㈜디에프아이","","-7.00","-7.15"
"1000003596","최강식내과의원","CU-25-03","-Leukocyte","±","Abbott","1+, 2+, 3+","",""
"100000P023","서초구보건소","CU-25-03","-Specific Gravity","1.015","Siemens Healthineers","","-4.06",""
"100000P063","인천중구보건소","CU-25-03","-Specific Gravity","0.015","Roche","","-166.68","-355.89"
"1000000045","인천기독병원","CUI-25-01","Urine sediment","Calcium carbonate","","Calcium oxalate","",""
"1000000112","아산재단보령아산병원","CUI-25-01","Urine sediment","Calcium carbonate","","Calcium oxalate","",""
"1000000656","은병원","CUI-25-01","Urine sediment","Calcium carbonate","","Calcium oxalate","",""
"1000000661","윤호21병원","CUI-25-01","Urine sediment","Calcium carbonate","","Calcium oxalate","",""
"1000000680","청파의료재단 수원중앙병원","CUI-25-01","Urine sediment","Calcium carbonate","","Calcium oxalate","",""
"1000000723","화성중앙종합병원","CUI-25-01","Urine sediment","Calcium carbonate","","Calcium oxalate","",""
"1000000885","영채내과의원","CUI-25-01","Urine sediment","Calcium carbonate","","Calcium oxalate","",""
"1000000933","광주시엘병원","CUI-25-01","Urine sediment","Calcium carbonate","","Calcium oxalate","",""
"1000000955","광주희망병원","CUI-25-01","Urine sediment","Calcium carbonate","","Calcium oxalate","",""
"1000001020","인천온누리병원","CUI-25-01","Urine sediment","Calcium carbonate","","Calcium oxalate","",""
"1000001084","비에비스 나무병원","CUI-25-01","Urine sediment","Calcium carbonate","","Calcium oxalate","",""
"1000001105","굿모닝병원","CUI-25-01","Urine sediment","RBC casts","","Calcium oxalate","",""
"1000001107","대항병원","CUI-25-01","Urine sediment","Calcium carbonate","","Calcium oxalate","",""
"1000001117","창동제일의원","CUI-25-01","Urine sediment","Calcium carbonate","","Calcium oxalate","",""
"1000001139","해피뷰병원","CUI-25-01","Urine sediment","Calcium carbonate","","Calcium oxalate","",""
"1000001208","원광메디칼내과영상의학과","CUI-25-01","Urine sediment","Erythrocyte, dysmorphic","","Calcium oxalate","",""
"1000001260","신호균 모두 드림 내과의원","CUI-25-01","Urine sediment","Calcium carbonate","","Calcium oxalate","",""
"1000001275","(의)인봉의료재단 영등포병원","CUI-25-01","Urine sediment","Calcium carbonate","","Calcium oxalate","",""
"1000001333","HM병원","CUI-25-01","Urine sediment","Calcium carbonate","","Calcium oxalate","",""
"1000001454","맑은수신경과의원","CUI-25-01","Urine sediment","Calcium carbonate","","Calcium oxalate","",""
"1000001464","광명속편한내과","CUI-25-01","Urine sediment","Calcium carbonate","","Calcium oxalate","",""
"1000001467","의)인당의료재단 부민서울병원","CUI-25-01","Urine sediment","Calcium carbonate","","Calcium oxalate","",""
"1000001770","씨엔씨푸른병원","CUI-25-01","Urine sediment","Calcium carbonate","","Calcium oxalate","",""
"1000001796","하나메디칼의원","CUI-25-01","Urine sediment","Calcium carbonate","","Calcium oxalate","",""
"1000002093","안산경희재활요양병원","CUI-25-01","Urine sediment","Calcium carbonate","","Calcium oxalate","",""
"1000002231","미래와 희망 산부인과의원","CUI-25-01","Urine sediment","Calcium carbonate","","Calcium oxalate","",""
"1000002326","행복한병원","CUI-25-01","Urine sediment","Calcium carbonate","","Calcium oxalate","",""
"1000002478","경동의료재단 효성병원","CUI-25-01","Urine sediment","Calcium carbonate","","Calcium oxalate","",""
"1000002524","청주프라임병원","CUI-25-01","Urine sediment","Calcium carbonate","","Calcium oxalate","",""
"1000002606","의료법인 우리아이들의료재단 성북우리아이들병원","CUI-25-01","Urine sediment","Calcium carbonate","","Calcium oxalate","",""
"1000002769","밝은내일내과의원","CUI-25-01","Urine sediment","Calcium carbonate","","Calcium oxalate","",""
"1000002793","화성디에스병원","CUI-25-01","Urine sediment","Calcium carbonate","","Calcium oxalate","",""
"1000002859","원광종합병원","CUI-25-01","Urine sediment","Calcium carbonate","","Calcium oxalate","",""
"1000003013","베데스다병원","CUI-25-01","Urine sediment","Calcium carbonate","","Calcium oxalate","",""
"1000003029","모커리한방병원","CUI-25-01","Urine sediment","Calcium carbonate","","Calcium oxalate","",""
"1000003069","해운대내과의원","CUI-25-01","Urine sediment","Calcium carbonate","","Calcium oxalate","",""
"1000003146","김포정원내과의원","CUI-25-01","Urine sediment","Calcium carbonate","","Calcium oxalate","",""
"1000003160","민내과의원","CUI-25-01","Urine sediment","Calcium carbonate","","Calcium oxalate","",""
"1000003180","더나은내과","CUI-25-01","Urine sediment","Erythrocyte, dysmorphic","","Calcium oxalate","",""
"1000003197","홍이내과의원","CUI-25-01","Urine sediment","Uric acid","","Calcium oxalate","",""
"1000003224","청주탑엔도내과","CUI-25-01","Urine sediment","Calcium carbonate","","Calcium oxalate","",""
"1000003232","코젤병원","CUI-25-01","Urine sediment","Calcium carbonate","","Calcium oxalate","",""
"1000003551","연세세림내과","CUI-25-01","Urine sediment","RBC casts","","Calcium oxalate","",""
"1000003569","계룡내과의원","CUI-25-01","Urine sediment","Calcium carbonate","","Calcium oxalate","",""
"1000000061","한전의료재단 한일병원","CUI-25-02","Urine sediment","Calcium phosphate","","Ammonium magnesium phosphate (triple phosphate)","",""
"1000000129","하나병원","CUI-25-02","Urine sediment","Amorphous urates/phosphates","","Ammonium magnesium phosphate (triple phosphate)","",""
"1000000420","고흥종합병원","CUI-25-02","Urine sediment","Sodium urate","","Ammonium magnesium phosphate (triple phosphate)","",""
"1000000540","(의)성삼의료재단 미즈메디병원","CUI-25-02","Urine sediment","Calcium phosphate","","Ammonium magnesium phosphate (triple phosphate)","",""
"1000000622","목포더조은내과의원","CUI-25-02","Urine sediment","Hippuric acid","","Ammonium magnesium phosphate (triple phosphate)","",""
"1000000651","광주일곡병원","CUI-25-02","Urine sediment","Amorphous urates/phosphates","","Ammonium magnesium phosphate (triple phosphate)","",""
"1000000754","메디인 병원","CUI-25-02","Urine sediment","Calcium phosphate","","Ammonium magnesium phosphate (triple phosphate)","",""
"1000000829","성서병원","CUI-25-02","Urine sediment","Hippuric acid","","Ammonium magnesium phosphate (triple phosphate)","",""
"1000000908","예산종합병원","CUI-25-02","Urine sediment","Cholesterol","","Ammonium magnesium phosphate (triple phosphate)","",""
"1000000976","목포 한사랑병원","CUI-25-02","Urine sediment","Cholesterol","","Ammonium magnesium phosphate (triple phosphate)","",""
"1000001231","혜화영상의학과","CUI-25-02","Urine sediment","Calcium phosphate","","Ammonium magnesium phosphate (triple phosphate)","",""
"1000001234","진의료재단 순천평화병원","CUI-25-02","Urine sediment","Amorphous urates/phosphates","","Ammonium magnesium phosphate (triple phosphate)","",""
"1000001243","이랜드클리닉","CUI-25-02","Urine sediment","Cholesterol","","Ammonium magnesium phosphate (triple phosphate)","",""
"1000001275","(의)인봉의료재단 영등포병원","CUI-25-02","Urine sediment","Amorphous urates/phosphates","","Ammonium magnesium phosphate (triple phosphate)","",""
"1000001287","지디스내과","CUI-25-02","Urine sediment","Cholesterol","","Ammonium magnesium phosphate (triple phosphate)","",""
"1000001792","사회복지법인 SRC재활병원","CUI-25-02","Urine sediment","Calcium oxalate","","Ammonium magnesium phosphate (triple phosphate)","",""
"1000001799","의료법인 원주성모병원 (구 조양병원)","CUI-25-02","Urine sediment","Amorphous urates/phosphates","","Ammonium magnesium phosphate (triple phosphate)","",""
"1000001893","한일병원","CUI-25-02","Urine sediment","Cholesterol","","Ammonium magnesium phosphate (triple phosphate)","",""
"1000001896","하나로의원","CUI-25-02","Urine sediment","Calcium phosphate","","Ammonium magnesium phosphate (triple phosphate)","",""
"1000002153","든든한병원","CUI-25-02","Urine sediment","Uric acid","","Ammonium magnesium phosphate (triple phosphate)","",""
"1000002166","푸르메재단 넥슨어린이재활병원","CUI-25-02","Urine sediment","Cholesterol","","Ammonium magnesium phosphate (triple phosphate)","",""
"1000002400","통영고려병원","CUI-25-02","Urine sediment","Calcium phosphate","","Ammonium magnesium phosphate (triple phosphate)","",""
"1000002478","경동의료재단 효성병원","CUI-25-02","Urine sediment","Calcium oxalate","","Ammonium magnesium phosphate (triple phosphate)","",""
"1000002541","하나병원","CUI-25-02","Urine sediment","Calcium phosphate","","Ammonium magnesium phosphate (triple phosphate)","",""
"1000002548","서울우리들내과의원","CUI-25-02","Urine sediment","Amorphous urates/phosphates","","Ammonium magnesium phosphate (triple phosphate)","",""
"1000002647","자연속내과의원","CUI-25-02","Urine sediment","Uric acid","","Ammonium magnesium phosphate (triple phosphate)","",""
"1000002733","신현승내과의원","CUI-25-02","Urine sediment","Amorphous urates/phosphates","","Ammonium magnesium phosphate (triple phosphate)","",""
"1000003029","모커리한방병원","CUI-25-02","Urine sediment","Calcium oxalate","","Ammonium magnesium phosphate (triple phosphate)","",""
"1000003093","정읍한국병원","CUI-25-02","Urine sediment","Amorphous urates/phosphates","","Ammonium magnesium phosphate (triple phosphate)","",""
"1000003551","연세세림내과","CUI-25-02","Urine sediment","Uric acid","","Ammonium magnesium phosphate (triple phosphate)","",""
"1000003555","송파드림재활병원","CUI-25-02","Urine sediment","Uric acid","","Ammonium magnesium phosphate (triple phosphate)","",""
"1000003619","경기도립정신병원","CUI-25-02","Urine sediment","Calcium carbonate","","Ammonium magnesium phosphate (triple phosphate)","",""
"1000000045","인천기독병원","CUI-25-03","Urine sediment","Calcium oxalate","","Uric acid","",""
"1000000719","장흥우리병원","CUI-25-03","Urine sediment","Sodium urate","","Uric acid","",""
"1000000885","영채내과의원","CUI-25-03","Urine sediment","Sodium urate","","Uric acid","",""
"1000001058","한마음내과의원","CUI-25-03","Urine sediment","Sodium urate","","Uric acid","",""
"1000001088","목포21세기하나내과","CUI-25-03","Urine sediment","Sodium urate","","Uric acid","",""
"1000001208","원광메디칼내과영상의학과","CUI-25-03","Urine sediment","Sodium urate","","Uric acid","",""
"1000001275","(의)인봉의료재단 영등포병원","CUI-25-03","Urine sediment","Sodium urate","","Uric acid","",""
"1000001291","굿모닝내과병원","CUI-25-03","Urine sediment","Sodium urate","","Uric acid","",""
"1000001333","HM병원","CUI-25-03","Urine sediment","Sodium urate","","Uric acid","",""
"1000001367","울산제일병원","CUI-25-03","Urine sediment","Sodium urate","","Uric acid","",""
"1000001378","무지개병원","CUI-25-03","Urine sediment","Calcium oxalate","","Uric acid","",""
"1000001407","부안혜성병원","CUI-25-03","Urine sediment","Sodium urate","","Uric acid","",""
"1000001673","목포미래병원","CUI-25-03","Urine sediment","Sodium urate","","Uric acid","",""
"1000001826","새로운 내과","CUI-25-03","Urine sediment","Sodium urate","","Uric acid","",""
"1000001845","박근태내과의원","CUI-25-03","Urine sediment","Sodium urate","","Uric acid","",""
"1000002093","안산경희재활요양병원","CUI-25-03","Urine sediment","Sodium urate","","Uric acid","",""
"1000002231","미래와 희망 산부인과의원","CUI-25-03","Urine sediment","Sodium urate","","Uric acid","",""
"1000002578","일산미래내과","CUI-25-03","Urine sediment","Sodium urate","","Uric acid","",""
"1000002647","자연속내과의원","CUI-25-03","Urine sediment","Cystine","","Uric acid","",""
"1000003137","오정본병원","CUI-25-03","Urine sediment","Sodium urate","","Uric acid","",""
"1000003146","김포정원내과의원","CUI-25-03","Urine sediment","Sodium urate","","Uric acid","",""
"1000003197","홍이내과의원","CUI-25-03","Urine sediment","Sodium urate","","Uric acid","",""
"1000003232","코젤병원","CUI-25-03","Urine sediment","Sodium urate","","Uric acid","",""
"1000003275","가평의료재단 첨단선병원","CUI-25-03","Urine sediment","Sodium urate","","Uric acid","",""
"1000003550","곡성군립노인전문병원","CUI-25-03","Urine sediment","Hippuric acid","","Uric acid","",""
"1000003551","연세세림내과","CUI-25-03","Urine sediment","Sodium urate","","Uric acid","",""
"1000003555","송파드림재활병원","CUI-25-03","Urine sediment","Sodium urate","","Uric acid","",""
"1000003617","바른메디내과의원","CUI-25-03","Urine sediment","Sodium urate","","Uric acid","",""
"1000003618","용인삼성내과의원","CUI-25-03","Urine sediment","Sodium urate","","Uric acid","",""
"1000003625","광주웰니스내과의원","CUI-25-03","Urine sediment","Sodium urate","","Uric acid","",""
